steps,naive_mb,delta_mb
10,0.080108642578125,0.011444091796875
20,0.23651123046875,0.019073486328125
50,1.163482666015625,0.041961669921875
100,4.23431396484375,0.080108642578125
150,9.212493896484375,0.118255615234375
200,16.0980224609375,0.156402587890625
