steps,time_ms,linear_fit_ms
1.000000000000000000e+00,1.051920000000000112e-02,2.444640168738635572e-02
5.000000000000000000e+01,3.254112000000000116e-01,3.302482226855900094e-01
1.000000000000000000e+02,6.523423999999999889e-01,6.422908971735529216e-01
2.000000000000000000e+02,1.253766799999999959e+00,1.266376246149478746e+00
3.000000000000000000e+02,1.932480399999999987e+00,1.890461595125404681e+00
4.000000000000000000e+02,2.519394999999999829e+00,2.514546944101330617e+00
5.000000000000000000e+02,3.113087600000000066e+00,3.138632293077256108e+00
