steps,time_ms,linear_fit_ms
1.000000000000000000e+00,1.023279999999999849e-02,9.715859006234321971e-01
5.000000000000000000e+01,4.905144000000000171e-01,1.212295439539340602e+00
1.000000000000000000e+02,3.917497399999999796e+00,1.457917418024961442e+00
2.000000000000000000e+02,1.761100600000000016e+00,1.949161374996203344e+00
3.000000000000000000e+02,1.892558399999999974e+00,2.440405331967445246e+00
4.000000000000000000e+02,2.798372200000000198e+00,2.931649288938686926e+00
5.000000000000000000e+02,3.515632200000000207e+00,3.422893245909928606e+00
